Field ID,Soil Moisture (%),Nutrient Levels (Index),Temperature (Â°C),Crop Health (Index)
Field_1,23.75,3.64,26.7,86.41
Field_2,29.51,2.54,25.36,90.71
Field_3,27.32,2.53,27.05,86.85
Field_4,25.99,2.99,26.56,87.79
Field_5,21.56,3.23,28.39,87.19
Field_6,21.56,3.66,28.03,86.83
Field_7,20.58,3.52,26.82,93.26
Field_8,28.66,3.17,26.09,87.86
Field_9,26.01,2.91,29.94,94.27
Field_10,27.08,4.0,27.27,94.7
Field_11,20.21,3.14,28.44,90.71
Field_12,29.7,3.18,25.7,86.43
Field_13,28.32,2.75,27.43,88.75
Field_14,22.12,3.69,25.14,92.98
Field_15,21.82,3.54,27.53,88.67
Field_16,21.83,2.83,29.82,85.87
Field_17,23.04,2.62,26.92,90.57
Field_18,25.25,3.52,25.19,93.45
Field_19,24.32,3.48,25.15,92.96
Field_20,22.91,2.91,26.94,86.75
Field_21,26.12,3.93,25.8,91.73
Field_22,21.39,2.73,25.12,87.21
Field_23,22.92,3.15,28.78,87.18
Field_24,23.66,3.92,27.29,93.74
Field_25,24.56,3.13,26.45,87.5
Field_26,27.85,3.46,29.5,87.63
Field_27,22.0,3.1,25.58,85.01
Field_28,25.14,2.91,29.78,93.71
Field_29,25.92,3.98,26.57,92.93
Field_30,20.46,3.11,29.44,91.27
Field_31,26.08,3.84,28.01,92.5
Field_32,21.71,2.84,29.13,86.52
Field_33,20.65,2.82,29.92,89.58
Field_34,29.49,2.55,26.44,88.51
Field_35,29.66,3.48,29.81,85.94
Field_36,28.08,3.05,26.95,89.86
Field_37,23.05,3.8,26.93,94.21
Field_38,20.98,3.21,26.7,85.4
Field_39,26.84,3.95,27.71,87.91
Field_40,24.4,2.78,25.77,87.08
Field_41,21.22,3.8,27.77,87.38
Field_42,24.95,3.66,27.71,94.08
Field_43,20.34,3.66,28.81,89.68
Field_44,29.09,3.77,29.17,89.66
Field_45,22.59,3.64,27.2,92.61
Field_46,26.63,3.44,26.51,86.54
Field_47,23.12,2.7,26.3,89.87
Field_48,25.2,2.55,25.97,89.3
Field_49,25.47,3.88,25.29,90.97
Field_50,21.85,3.42,26.71,95.0
Field_51,29.7,3.69,26.35,92.69
Field_52,27.75,3.22,29.83,88.98
Field_53,29.39,2.68,27.79,93.28
Field_54,28.95,2.69,26.74,86.71
Field_55,25.98,3.53,27.9,85.3
Field_56,29.22,3.15,25.7,87.04
Field_57,20.88,2.8,27.22,88.4
Field_58,21.96,3.24,28.13,90.11
Field_59,20.45,2.6,27.44,91.15
Field_60,23.25,3.37,27.01,94.11
Field_61,23.89,2.9,29.97,90.1
Field_62,22.71,3.7,29.4,90.01
Field_63,28.29,2.97,28.12,85.5
Field_64,23.57,3.18,27.85,85.35
Field_65,22.81,2.52,28.1,90.51
Field_66,25.43,2.61,26.01,89.38
Field_67,21.41,3.09,26.98,93.39
Field_68,28.02,3.22,25.2,86.61
Field_69,20.75,3.4,27.38,85.25
Field_70,29.87,2.94,27.72,89.49
Field_71,27.72,3.54,26.14,87.37
Field_72,21.99,3.79,29.82,85.5
Field_73,20.06,3.67,29.55,92.25
Field_74,28.15,2.56,28.61,86.12
Field_75,27.07,3.22,27.67,91.08
Field_76,27.29,2.66,29.35,87.81
Field_77,27.71,2.86,25.65,86.73
Field_78,20.74,3.98,28.95,88.8
Field_79,23.58,2.71,25.62,93.01
Field_80,21.16,3.25,28.97,88.92
Field_81,28.63,3.43,26.38,92.51
Field_82,26.23,3.55,29.39,86.25
Field_83,23.31,3.34,29.72,92.73
Field_84,20.64,2.51,25.74,87.37
Field_85,23.11,2.99,27.31,91.77
Field_86,23.25,3.28,29.9,90.66
Field_87,27.3,2.63,27.42,94.29
Field_88,26.38,3.03,29.32,88.87
Field_89,28.87,2.55,27.94,85.66
Field_90,24.72,2.62,26.88,85.19
Field_91,21.2,3.1,26.43,93.27
Field_92,27.13,2.7,26.02,90.25
Field_93,27.61,3.35,28.81,92.75
Field_94,25.61,3.53,26.93,87.34
Field_95,27.71,3.7,27.56,88.45
Field_96,24.94,2.8,27.46,85.3
Field_97,25.23,2.75,27.89,94.61
Field_98,24.28,2.66,29.33,91.68
Field_99,20.25,3.45,29.9,94.33
Field_100,21.08,3.56,27.04,87.65
Field_101,20.31,2.55,29.14,91.11
Field_102,26.36,3.9,28.82,91.78
Field_103,23.14,2.58,27.87,88.18
Field_104,25.09,3.31,29.78,93.48
Field_105,29.08,3.56,26.0,94.47
Field_106,22.49,3.81,25.55,93.85
Field_107,24.1,3.57,29.27,92.39
Field_108,27.56,3.7,27.2,87.77
Field_109,22.29,3.01,29.23,87.82
Field_110,20.77,3.72,29.47,94.63
Field_111,22.9,2.62,25.31,85.1
Field_112,21.61,3.84,29.42,92.16
Field_113,29.3,3.32,27.24,92.06
Field_114,28.08,3.73,27.55,91.23
Field_115,26.33,3.18,28.13,94.9
Field_116,28.71,3.47,29.63,88.12
Field_117,28.04,3.29,25.1,88.4
Field_118,21.87,3.6,27.38,85.79
Field_119,28.93,2.62,28.44,89.43
Field_120,25.39,2.59,28.61,87.61
Field_121,28.07,2.87,28.46,88.43
Field_122,28.96,2.74,25.67,93.35
Field_123,23.18,3.81,26.5,94.35
Field_124,21.1,2.83,26.79,86.86
Field_125,22.28,3.96,29.02,88.73
Field_126,24.27,3.01,26.39,94.29
Field_127,28.18,2.77,26.05,85.62
Field_128,28.61,3.68,29.79,85.92
Field_129,20.07,3.49,25.04,86.63
Field_130,25.11,3.25,29.99,90.95
Field_131,24.17,3.33,28.38,86.5
Field_132,22.22,3.58,29.14,94.68
Field_133,21.2,2.84,26.47,89.47
Field_134,23.38,3.99,25.07,90.02
Field_135,29.43,3.96,28.69,87.47
Field_136,23.23,3.48,29.17,89.71
Field_137,25.19,2.8,28.7,91.62
Field_138,27.03,3.52,25.71,92.51
Field_139,23.64,2.61,28.77,92.54
Field_140,29.72,2.55,28.84,90.78
Field_141,29.62,2.89,28.29,94.04
Field_142,22.52,3.19,28.83,93.17
Field_143,24.97,3.8,29.23,92.57
Field_144,23.01,3.59,28.07,85.56
Field_145,22.85,3.61,25.44,85.07
Field_146,20.37,3.14,27.44,87.12
Field_147,26.1,3.02,25.39,91.64
Field_148,25.03,3.06,27.04,89.11
Field_149,20.51,3.98,27.04,89.02
Field_150,22.79,2.56,25.33,93.85
Field_151,29.08,3.8,26.74,93.96
Field_152,22.4,3.37,25.55,94.09
Field_153,21.45,3.16,29.04,88.14
Field_154,24.89,3.59,29.74,91.91
Field_155,29.86,3.23,25.36,87.72
Field_156,22.42,3.81,29.78,86.91
Field_157,26.72,3.85,27.61,86.85
Field_158,27.62,3.13,26.5,88.42
Field_159,22.38,2.92,25.38,89.3
Field_160,27.28,3.39,27.5,93.31
Field_161,23.68,3.87,28.97,86.2
Field_162,26.32,2.82,28.54,92.35
Field_163,26.34,3.43,25.25,90.31
Field_164,25.36,3.45,25.36,87.88
Field_165,20.9,3.6,27.01,89.93
Field_166,28.35,2.7,26.48,88.0
Field_167,23.21,3.57,26.16,90.96
Field_168,21.87,3.86,26.41,89.34
Field_169,20.41,2.77,29.02,86.64
Field_170,25.91,2.86,29.65,86.17
Field_171,26.78,3.96,27.03,90.47
Field_172,20.17,2.77,29.53,94.02
Field_173,25.12,3.78,26.61,88.44
Field_174,22.26,3.24,27.38,92.33
Field_175,26.45,2.87,26.13,91.59
Field_176,21.74,3.81,28.2,94.32
Field_177,26.91,3.17,29.89,93.21
Field_178,23.87,3.27,28.02,90.67
Field_179,29.37,3.04,26.79,91.57
Field_180,21.38,3.39,28.24,93.98
Field_181,23.41,2.75,25.61,89.0
Field_182,21.13,3.09,29.44,88.27
Field_183,29.25,3.95,27.52,85.11
Field_184,28.77,2.89,27.25,93.27
Field_185,22.58,3.49,27.93,93.01
Field_186,26.6,2.99,28.12,86.04
Field_187,28.17,3.66,25.36,90.77
Field_188,25.55,2.7,28.41,89.64
Field_189,25.3,3.95,26.21,86.19
Field_190,22.42,3.18,28.57,94.81
Field_191,20.93,2.85,29.11,87.15
Field_192,28.97,2.61,29.02,85.67
Field_193,29.0,2.75,27.76,90.95
Field_194,26.33,3.28,27.6,92.39
Field_195,23.39,3.01,25.71,85.32
Field_196,23.49,3.74,28.88,91.59
Field_197,27.26,3.15,26.36,90.32
Field_198,28.97,2.87,27.48,86.03
Field_199,28.87,3.43,26.42,86.73
Field_200,27.8,3.56,25.67,90.68
Field_201,26.42,2.75,28.15,87.96
Field_202,20.84,2.75,25.27,94.38
Field_203,21.62,2.56,28.74,93.19
Field_204,28.99,3.6,26.59,94.84
Field_205,26.06,3.5,25.0,87.6
Field_206,20.09,3.21,27.56,94.7
Field_207,21.01,3.77,25.23,89.31
Field_208,26.64,3.71,26.38,88.48
Field_209,20.05,3.38,28.53,85.5
Field_210,21.61,3.8,25.31,85.53
Field_211,25.49,2.81,29.2,91.92
Field_212,26.92,2.67,25.02,89.58
Field_213,26.52,2.9,26.23,87.27
Field_214,22.24,2.59,28.7,91.14
Field_215,27.12,3.3,26.58,87.53
Field_216,22.37,3.9,25.51,90.78
Field_217,23.25,2.56,26.8,88.59
Field_218,27.46,2.68,26.35,93.24
Field_219,26.5,3.18,29.21,93.21
Field_220,28.49,3.9,26.57,89.77
Field_221,26.58,2.97,28.94,88.51
Field_222,25.68,3.26,29.46,88.63
Field_223,20.94,2.56,27.17,93.06
Field_224,23.68,2.72,29.55,88.28
Field_225,22.65,3.98,26.89,87.09
Field_226,22.44,3.95,29.82,85.85
Field_227,29.73,2.51,25.45,89.67
Field_228,23.93,3.93,28.44,89.82
Field_229,28.92,3.46,27.47,93.41
Field_230,26.31,3.8,26.94,87.21
Field_231,27.95,3.18,28.16,88.81
Field_232,25.03,3.27,28.52,93.08
Field_233,25.77,3.23,25.02,93.24
Field_234,24.93,3.5,25.83,88.85
Field_235,21.95,2.71,28.57,89.59
Field_236,27.22,2.54,28.33,88.03
Field_237,22.81,2.96,29.83,94.33
Field_238,20.24,3.56,28.81,86.19
Field_239,26.45,2.8,29.75,94.34
Field_240,21.77,3.51,28.51,91.84
Field_241,29.4,3.95,26.49,90.32
Field_242,29.54,2.64,25.53,85.33
Field_243,29.15,3.51,28.91,89.76
Field_244,23.7,3.17,28.22,89.08
Field_245,20.15,3.8,25.24,86.61
Field_246,29.28,2.77,26.8,91.56
Field_247,24.28,3.54,29.78,94.71
Field_248,29.67,3.76,27.5,90.62
Field_249,29.64,3.92,27.16,92.15
Field_250,28.53,3.52,27.29,85.68
Field_251,22.94,3.25,26.04,89.18
Field_252,23.85,3.43,26.84,86.16
Field_253,28.51,3.8,26.85,91.13
Field_254,23.17,3.36,25.26,94.38
Field_255,21.69,2.55,28.84,91.62
Field_256,25.57,3.9,27.08,85.77
Field_257,29.36,3.53,29.11,88.55
Field_258,26.96,3.51,29.25,90.51
Field_259,25.7,2.82,26.06,89.03
Field_260,20.97,3.49,28.29,93.34
Field_261,26.15,3.09,27.36,93.15
Field_262,29.9,3.48,29.4,91.12
Field_263,21.4,2.66,26.08,88.73
Field_264,25.18,3.49,28.39,87.55
Field_265,28.77,4.0,28.04,86.06
Field_266,27.41,2.57,26.48,88.55
Field_267,26.97,3.97,25.68,89.13
Field_268,27.02,3.11,28.26,91.76
Field_269,23.59,3.81,28.69,91.58
Field_270,22.94,3.67,26.58,85.7
Field_271,28.09,3.35,28.22,88.95
Field_272,28.1,3.61,26.98,86.82
Field_273,28.67,3.82,28.57,86.57
Field_274,29.13,3.11,26.0,93.27
Field_275,25.11,2.99,29.45,85.42
Field_276,25.02,3.5,26.44,89.19
Field_277,27.98,3.71,26.84,86.68
Field_278,26.5,3.64,25.29,93.79
Field_279,27.02,3.7,25.56,90.57
Field_280,27.96,3.15,27.58,87.31
Field_281,28.9,3.73,26.34,90.02
Field_282,23.38,2.68,29.18,92.31
Field_283,23.76,3.32,25.07,94.58
Field_284,20.94,2.51,26.9,87.2
Field_285,25.78,2.99,26.69,93.86
Field_286,20.36,3.05,25.1,94.34
Field_287,24.66,3.09,25.62,94.16
Field_288,25.43,3.54,27.07,91.35
Field_289,22.87,3.08,27.46,91.3
Field_290,25.91,3.17,27.02,89.03
Field_291,20.31,2.86,27.65,92.52
Field_292,20.37,3.06,27.98,90.31
Field_293,28.23,2.84,25.05,91.77
Field_294,23.6,2.61,27.32,89.28
Field_295,21.27,3.41,29.82,92.31
Field_296,25.22,3.5,27.6,93.24
Field_297,27.7,3.43,28.39,86.46
Field_298,22.16,3.2,26.56,93.33
Field_299,26.23,3.07,28.87,90.4
Field_300,20.85,3.8,28.86,93.45
Field_301,20.52,3.28,27.61,89.31
Field_302,25.31,3.22,29.88,88.79
Field_303,25.41,2.54,25.63,94.15
Field_304,26.37,3.01,25.08,87.51
Field_305,27.26,3.07,28.85,93.44
Field_306,29.76,3.1,29.04,89.84
Field_307,25.16,3.37,25.6,90.14
Field_308,23.23,3.3,26.33,88.08
Field_309,27.95,3.41,25.09,90.73
Field_310,22.71,3.65,26.47,88.25
Field_311,24.39,3.72,28.87,85.39
Field_312,20.78,3.58,27.59,87.72
Field_313,20.25,3.93,26.74,85.06
Field_314,29.63,2.53,26.86,94.78
Field_315,28.36,2.79,25.01,94.66
Field_316,26.96,2.51,26.5,88.95
Field_317,24.09,3.47,28.23,92.28
Field_318,21.73,3.85,29.87,88.46
Field_319,21.56,2.87,29.24,91.71
Field_320,22.5,3.89,25.12,93.05
Field_321,25.49,2.59,29.49,94.47
Field_322,27.15,3.9,28.92,89.0
Field_323,26.6,3.03,28.9,92.83
Field_324,22.8,2.65,27.29,87.66
Field_325,29.55,3.23,26.99,94.9
Field_326,27.38,2.89,26.51,85.26
Field_327,25.54,2.93,25.33,91.04
Field_328,26.12,2.96,26.14,91.6
Field_329,24.2,3.7,26.23,91.88
Field_330,22.48,3.31,27.42,86.2
Field_331,23.56,2.97,28.74,94.39
Field_332,27.58,3.42,27.37,86.81
Field_333,20.14,3.57,25.29,91.23
Field_334,21.16,2.91,29.79,87.23
Field_335,20.46,3.12,29.71,88.07
Field_336,20.41,2.68,28.93,90.46
Field_337,28.55,2.77,29.96,89.17
Field_338,27.04,3.52,27.72,86.6
Field_339,24.74,2.77,29.81,86.71
Field_340,20.98,3.29,25.38,89.18
Field_341,24.92,3.56,26.83,92.57
Field_342,24.73,2.66,26.13,93.98
Field_343,21.73,3.35,25.98,85.84
Field_344,24.34,2.88,25.7,88.93
Field_345,23.99,3.94,28.11,86.0
Field_346,26.16,3.23,28.91,85.17
Field_347,26.35,3.71,27.89,91.62
Field_348,20.45,3.33,25.73,91.02
Field_349,23.75,2.57,29.06,86.63
Field_350,26.26,3.45,28.18,87.34
Field_351,25.03,3.93,26.94,85.24
Field_352,28.56,3.4,28.37,93.35
Field_353,26.59,3.73,26.3,94.75
Field_354,21.63,3.83,26.73,86.35
Field_355,20.71,2.84,29.59,87.31
Field_356,26.42,2.82,26.45,93.68
Field_357,20.27,3.42,27.35,94.26
Field_358,25.86,3.12,29.45,89.2
Field_359,29.4,3.76,28.54,85.51
Field_360,25.75,3.85,25.31,85.39
Field_361,23.88,3.03,25.74,90.74
Field_362,26.43,2.86,25.04,88.93
Field_363,24.58,3.67,28.15,85.29
Field_364,25.46,2.91,27.24,90.83
Field_365,29.41,3.73,25.67,85.11
Field_366,23.86,3.14,29.79,92.87
Field_367,29.61,3.5,27.65,88.06
Field_368,29.05,2.64,26.21,85.4
Field_369,21.96,3.44,27.5,90.88
Field_370,20.69,3.18,28.4,88.98
Field_371,21.01,3.38,25.38,94.74
Field_372,20.18,2.75,26.37,90.44
Field_373,20.94,3.61,29.03,87.75
Field_374,26.83,3.79,27.3,92.09
Field_375,20.71,2.83,27.73,87.71
Field_376,23.19,2.64,27.16,94.04
Field_377,28.45,2.54,25.22,88.75
Field_378,20.23,3.46,25.83,90.5
Field_379,28.14,3.41,27.23,85.51
Field_380,22.82,3.32,26.05,89.26
Field_381,21.18,2.85,25.25,93.32
Field_382,26.97,3.09,29.22,93.06
Field_383,26.29,3.39,29.91,87.24
Field_384,28.77,3.25,28.97,87.26
Field_385,27.35,3.98,29.27,93.17
Field_386,28.03,2.7,26.21,94.3
Field_387,22.82,3.54,29.8,85.95
Field_388,21.77,3.11,25.98,89.5
Field_389,27.51,3.14,29.76,88.37
Field_390,28.07,3.58,29.97,93.71
Field_391,29.91,3.54,28.56,85.84
Field_392,24.13,3.99,29.91,87.11
Field_393,23.72,2.69,27.85,92.52
Field_394,27.76,2.66,26.3,85.51
Field_395,23.41,3.59,27.18,89.93
Field_396,29.31,3.37,27.97,89.42
Field_397,28.58,2.91,25.37,88.34
Field_398,24.29,2.62,28.11,88.95
Field_399,27.51,2.63,29.91,90.3
Field_400,27.55,3.84,25.95,86.61
Field_401,21.03,2.79,28.96,90.72
Field_402,29.03,2.99,29.54,93.05
Field_403,25.05,2.84,29.72,92.6
Field_404,28.26,3.03,29.8,86.54
Field_405,23.2,2.6,27.61,86.49
Field_406,28.96,3.28,29.89,87.68
Field_407,23.89,2.6,28.79,88.61
Field_408,20.11,3.7,25.81,89.08
Field_409,29.05,2.85,27.38,91.8
Field_410,20.91,3.31,28.59,85.57
Field_411,23.19,3.82,26.24,85.35
Field_412,29.5,3.48,28.2,88.92
Field_413,29.51,3.3,28.33,91.97
Field_414,25.73,2.99,25.81,86.93
Field_415,26.32,3.0,27.83,91.42
Field_416,24.48,3.5,28.86,87.6
Field_417,22.93,3.99,27.49,93.86
Field_418,23.29,3.49,25.06,93.96
Field_419,26.73,3.34,25.05,87.97
Field_420,27.52,3.6,26.79,87.3
Field_421,27.92,3.2,29.63,89.11
Field_422,27.9,2.59,26.14,87.41
Field_423,20.91,3.34,28.17,91.72
Field_424,24.94,3.94,26.11,93.26
Field_425,20.58,2.76,26.61,91.73
Field_426,25.5,3.54,29.24,93.24
Field_427,24.42,2.8,28.64,88.97
Field_428,28.88,3.3,25.48,86.56
Field_429,23.51,2.65,27.14,92.38
Field_430,21.17,3.18,25.15,88.6
Field_431,21.43,3.63,27.4,91.71
Field_432,27.62,3.02,28.31,87.71
Field_433,26.18,3.5,25.59,85.81
Field_434,21.01,3.69,26.44,94.93
Field_435,20.84,3.89,26.99,86.56
Field_436,27.01,2.85,29.6,94.88
Field_437,20.73,3.1,29.97,94.77
Field_438,28.22,2.73,25.22,92.94
Field_439,27.06,3.99,28.81,91.59
Field_440,20.81,3.89,26.86,90.78
Field_441,20.85,3.31,26.96,93.66
Field_442,29.87,3.76,28.77,87.89
Field_443,23.74,3.28,29.59,89.68
Field_444,23.71,3.44,29.75,91.19
Field_445,28.13,2.63,27.89,89.11
Field_446,29.47,3.63,26.79,89.27
Field_447,29.86,2.69,28.94,88.3
Field_448,27.53,3.74,26.26,90.64
Field_449,23.76,3.67,27.82,93.51
Field_450,20.84,3.56,26.79,87.02
Field_451,27.77,2.55,28.28,94.34
Field_452,25.58,2.95,26.2,91.89
Field_453,24.24,2.89,25.96,93.23
Field_454,29.06,3.04,29.59,90.56
Field_455,21.11,2.63,25.51,92.8
Field_456,24.93,3.91,27.53,85.16
Field_457,20.11,3.33,26.1,93.18
Field_458,24.69,2.96,25.19,85.4
Field_459,20.56,3.1,25.18,93.9
Field_460,21.19,3.17,25.88,94.92
Field_461,21.18,3.4,29.33,87.94
Field_462,26.49,3.27,26.41,87.1
Field_463,27.46,3.88,29.75,92.65
Field_464,25.83,3.25,27.91,87.53
Field_465,29.62,3.99,27.18,93.66
Field_466,23.75,3.78,27.9,86.03
Field_467,22.86,2.81,27.58,86.26
Field_468,28.69,3.9,28.79,94.79
Field_469,22.24,2.67,26.41,91.74
Field_470,29.63,3.73,26.77,93.47
Field_471,20.12,3.07,29.47,88.24
Field_472,29.7,3.82,29.73,91.76
Field_473,20.43,3.8,29.46,90.94
Field_474,28.91,3.71,27.1,91.03
Field_475,25.28,3.69,28.9,91.83
Field_476,29.93,2.96,27.38,90.75
Field_477,20.74,2.62,27.49,89.29
Field_478,25.54,3.1,26.02,87.76
Field_479,29.69,2.76,27.96,92.69
Field_480,25.23,3.54,25.93,87.26
Field_481,26.29,3.02,26.66,91.92
Field_482,26.96,3.96,29.28,87.33
Field_483,24.55,3.46,26.04,91.25
Field_484,26.28,3.73,25.36,92.47
Field_485,25.84,2.7,25.35,87.19
Field_486,29.01,3.79,29.7,85.6
Field_487,20.45,3.88,27.53,86.31
Field_488,22.81,3.23,27.05,91.06
Field_489,29.5,3.41,29.05,93.49
Field_490,28.9,3.65,29.18,85.45
Field_491,24.56,2.76,26.66,92.34
Field_492,26.2,3.25,28.47,88.41
Field_493,22.77,3.1,28.86,89.79
Field_494,21.88,2.72,28.27,94.29
Field_495,24.64,3.05,25.76,88.32
Field_496,23.53,2.6,29.38,89.65
Field_497,25.84,2.54,27.7,85.14
Field_498,20.78,2.7,26.41,85.82
Field_499,29.74,3.94,27.13,87.59
Field_500,29.86,3.32,25.19,85.28
Field_501,26.98,3.95,25.64,91.31
Field_502,25.36,3.15,28.83,89.26
Field_503,23.1,2.97,25.0,90.48
Field_504,28.14,3.26,27.08,86.75
Field_505,26.85,3.16,27.61,87.96
Field_506,21.63,2.66,25.27,91.64
Field_507,29.11,3.46,29.87,94.65
Field_508,28.23,2.82,26.13,85.5
Field_509,29.5,3.43,26.52,93.9
Field_510,27.26,3.48,26.52,90.77
Field_511,26.13,2.73,26.15,90.64
Field_512,24.18,2.59,25.01,90.0
Field_513,29.33,3.67,28.65,85.69
Field_514,28.66,3.19,29.83,85.9
Field_515,20.45,2.59,26.12,91.01
Field_516,20.26,3.99,28.32,88.41
Field_517,23.76,2.59,28.71,94.17
Field_518,28.11,3.54,29.24,89.07
Field_519,29.87,3.98,27.11,86.43
Field_520,21.5,2.86,26.51,92.15
Field_521,25.94,2.71,26.63,87.93
Field_522,23.81,2.68,28.56,90.25
Field_523,29.7,2.95,29.08,91.98
Field_524,28.42,2.65,25.91,94.0
Field_525,28.38,3.54,26.85,92.92
Field_526,24.69,2.59,29.51,91.76
Field_527,24.15,3.26,29.03,91.8
Field_528,22.73,4.0,29.92,94.46
Field_529,20.56,3.72,28.77,87.96
Field_530,28.65,3.42,26.97,85.01
Field_531,28.13,2.96,27.95,87.72
Field_532,30.0,3.44,28.31,87.18
Field_533,29.97,3.29,25.39,91.62
Field_534,25.55,3.14,27.72,91.34
Field_535,27.69,2.7,28.55,90.93
Field_536,29.45,3.83,25.84,85.16
Field_537,28.5,3.17,28.9,92.29
Field_538,22.47,2.79,27.92,88.24
Field_539,24.51,3.05,29.76,91.65
Field_540,21.29,3.12,25.21,90.57
Field_541,29.54,3.74,26.33,88.43
Field_542,26.06,3.6,28.01,86.35
Field_543,22.29,3.65,26.48,85.94
Field_544,26.72,2.52,28.57,93.32
Field_545,26.18,3.12,28.8,94.18
Field_546,23.58,3.22,25.51,91.5
Field_547,21.14,2.53,27.57,86.03
Field_548,26.72,2.89,27.54,89.02
Field_549,25.2,3.64,26.85,92.29
Field_550,27.72,2.71,29.66,92.8
Field_551,25.2,3.3,29.14,86.18
Field_552,28.52,2.82,28.49,85.0
Field_553,25.52,2.52,28.57,92.12
Field_554,25.61,2.86,27.31,88.57
Field_555,28.77,3.96,29.6,87.54
Field_556,24.03,3.7,28.47,85.13
Field_557,21.34,3.94,28.64,90.4
Field_558,20.29,3.23,29.31,93.51
Field_559,27.55,2.66,26.37,94.58
Field_560,26.2,3.32,29.04,90.66
Field_561,27.04,3.18,25.98,90.14
Field_562,22.13,3.77,26.73,85.85
Field_563,21.36,2.65,26.68,90.49
Field_564,20.15,3.23,29.89,88.8
Field_565,23.51,2.73,29.28,91.07
Field_566,25.9,2.99,28.51,88.89
Field_567,23.92,3.61,28.64,87.4
Field_568,24.37,3.21,27.81,85.95
Field_569,29.04,3.06,29.74,88.15
Field_570,23.48,3.09,27.48,85.97
Field_571,25.14,3.19,26.9,86.77
Field_572,27.84,3.68,25.82,94.87
Field_573,23.97,3.84,28.93,89.44
Field_574,26.22,3.93,28.67,90.32
Field_575,28.62,3.68,26.92,93.74
Field_576,29.5,2.97,25.13,94.96
Field_577,21.47,3.53,29.19,90.83
Field_578,29.27,3.16,25.06,93.12
Field_579,24.92,2.88,28.52,88.27
Field_580,22.58,3.76,29.85,88.06
Field_581,24.59,2.56,27.19,89.03
Field_582,29.8,3.85,26.17,91.73
Field_583,24.93,3.19,28.52,91.82
Field_584,23.29,3.46,29.09,88.15
Field_585,26.33,3.49,27.73,86.33
Field_586,22.4,3.84,29.84,91.32
Field_587,20.76,3.46,25.26,86.28
Field_588,21.29,3.42,27.52,90.78
Field_589,21.28,2.6,28.59,91.93
Field_590,21.52,3.28,29.31,92.01
Field_591,21.39,2.73,25.9,92.53
Field_592,26.41,3.61,29.0,93.73
Field_593,21.82,3.27,27.76,90.0
Field_594,23.46,3.52,26.98,92.3
Field_595,28.97,2.56,25.66,91.19
Field_596,24.74,2.63,29.33,86.87
Field_597,26.68,3.57,25.79,85.26
Field_598,21.72,2.61,26.55,87.85
Field_599,21.92,2.61,26.45,89.43
Field_600,20.41,2.52,29.36,91.17
Field_601,21.69,3.93,28.36,93.5
Field_602,22.79,3.61,28.98,86.96
Field_603,21.77,3.03,26.25,86.26
Field_604,20.89,2.94,28.12,94.63
Field_605,21.21,3.02,27.86,86.08
Field_606,24.61,3.66,29.16,89.78
Field_607,22.06,3.49,29.53,90.86
Field_608,23.64,2.78,25.06,90.41
Field_609,25.03,2.76,28.37,85.86
Field_610,26.9,2.65,25.26,85.57
Field_611,20.39,3.49,27.74,86.05
Field_612,27.99,3.65,26.44,90.86
Field_613,26.28,2.9,26.53,90.44
Field_614,20.82,2.53,26.76,87.34
Field_615,28.74,2.62,28.11,91.38
Field_616,29.21,3.95,26.67,93.2
Field_617,20.61,2.94,28.66,85.42
Field_618,22.77,3.65,27.02,89.98
Field_619,28.06,3.44,25.34,91.89
Field_620,27.48,3.07,28.92,87.52
Field_621,21.85,2.81,26.43,88.08
Field_622,22.09,2.68,27.16,91.14
Field_623,23.7,3.42,28.43,93.98
Field_624,24.85,3.66,26.66,93.1
Field_625,26.18,3.47,25.28,90.83
Field_626,23.69,3.3,26.87,92.3
Field_627,24.63,2.56,29.72,88.65
Field_628,27.47,3.95,28.21,91.41
Field_629,20.37,3.7,28.36,89.66
Field_630,22.52,2.94,28.16,86.9
Field_631,27.13,3.97,25.99,92.02
Field_632,28.95,3.4,27.09,90.56
Field_633,25.12,3.37,28.75,88.59
Field_634,25.32,3.62,25.51,94.11
Field_635,21.07,3.72,26.39,85.21
Field_636,24.47,3.48,26.38,88.16
Field_637,25.33,2.69,27.16,85.57
Field_638,22.42,3.01,29.9,92.67
Field_639,22.69,3.89,25.34,92.02
Field_640,23.77,2.84,27.59,88.31
Field_641,20.2,3.06,25.9,91.76
Field_642,23.22,3.15,29.85,88.96
Field_643,22.11,3.16,25.57,92.56
Field_644,23.27,3.42,27.02,89.54
Field_645,21.2,3.91,28.69,89.12
Field_646,28.91,2.86,28.52,94.35
Field_647,25.94,2.68,27.11,87.51
Field_648,26.79,2.8,26.73,86.2
Field_649,27.89,3.83,26.99,90.85
Field_650,24.98,3.47,26.32,94.69
Field_651,20.87,2.93,26.03,88.78
Field_652,25.37,3.72,27.42,85.62
Field_653,25.87,3.79,26.34,88.39
Field_654,27.45,3.77,26.44,90.06
Field_655,24.32,3.88,28.28,86.62
Field_656,21.28,2.88,29.84,91.58
Field_657,22.84,3.63,28.02,94.98
Field_658,23.63,3.19,25.38,89.52
Field_659,26.46,3.76,25.38,88.55
Field_660,25.71,3.59,29.76,89.01
Field_661,23.56,3.66,26.49,86.15
Field_662,29.87,3.48,25.46,93.83
Field_663,26.06,2.77,28.0,89.15
Field_664,22.37,3.32,28.12,88.87
Field_665,21.02,3.98,28.24,91.6
Field_666,21.53,3.91,26.34,89.42
Field_667,22.46,2.56,25.08,91.48
Field_668,21.61,2.75,29.83,85.61
Field_669,21.87,2.7,26.25,93.14
Field_670,22.85,3.59,28.38,94.41
Field_671,21.73,3.73,28.53,91.49
Field_672,28.97,2.82,28.05,94.55
Field_673,20.8,3.26,26.56,86.51
Field_674,25.25,3.76,26.36,89.77
Field_675,24.1,3.6,27.99,91.02
Field_676,29.82,3.31,29.33,90.82
Field_677,21.12,3.39,29.73,89.01
Field_678,23.98,3.26,25.53,88.38
Field_679,29.69,2.95,25.77,86.27
Field_680,28.66,3.35,29.72,88.92
Field_681,28.17,3.53,28.68,86.63
Field_682,22.58,3.81,29.41,92.34
Field_683,21.71,3.45,26.01,87.09
Field_684,26.69,3.64,27.94,85.59
Field_685,29.29,2.74,28.51,90.52
Field_686,25.57,3.19,28.4,90.95
Field_687,25.72,2.51,27.04,93.72
Field_688,22.8,2.87,25.08,90.77
Field_689,27.69,3.59,27.91,88.45
Field_690,21.87,3.99,26.27,93.03
Field_691,23.24,2.65,27.25,90.4
Field_692,24.25,3.1,29.79,85.79
Field_693,25.08,3.7,27.0,90.66
Field_694,22.42,2.81,29.2,94.08
Field_695,21.15,3.33,25.94,88.96
Field_696,26.11,3.6,28.36,87.96
Field_697,22.89,3.42,29.89,86.43
Field_698,25.81,2.78,25.51,86.51
Field_699,21.54,3.03,25.04,89.33
Field_700,24.81,3.68,27.17,90.96
Field_701,25.33,3.33,25.46,85.81
Field_702,20.52,2.51,28.74,94.4
Field_703,23.37,3.64,29.57,92.55
Field_704,21.34,2.55,27.17,90.87
Field_705,20.63,3.62,26.29,93.28
Field_706,29.9,2.8,27.17,85.8
Field_707,23.22,3.94,28.62,89.77
Field_708,28.1,3.05,25.05,91.3
Field_709,22.55,2.99,27.95,93.29
Field_710,26.82,2.72,28.07,92.83
Field_711,27.6,2.96,28.19,87.77
Field_712,25.96,3.81,26.21,94.41
Field_713,24.72,3.99,28.57,86.24
Field_714,24.12,3.05,25.46,93.75
Field_715,23.49,3.17,26.0,94.71
Field_716,29.3,3.58,29.39,86.77
Field_717,28.31,3.83,28.69,92.22
Field_718,29.65,3.39,25.07,85.4
Field_719,21.24,3.09,26.24,89.05
Field_720,27.31,3.12,26.07,90.16
Field_721,29.38,3.54,26.35,90.81
Field_722,21.81,2.5,26.24,94.36
Field_723,20.66,3.43,25.31,91.72
Field_724,27.41,3.03,27.29,89.81
Field_725,25.74,3.69,28.66,93.1
Field_726,28.42,2.64,28.03,94.51
Field_727,21.4,3.38,28.36,85.22
Field_728,27.95,3.22,25.41,94.83
Field_729,22.02,3.46,29.76,85.86
Field_730,21.64,2.6,29.19,93.14
Field_731,21.64,3.37,29.03,87.8
Field_732,28.15,3.34,29.11,86.32
Field_733,26.65,3.34,29.66,89.4
Field_734,25.23,3.41,27.72,91.44
Field_735,23.59,3.51,26.0,88.81
Field_736,28.77,3.71,28.08,85.55
Field_737,23.92,2.9,28.71,90.99
Field_738,28.17,3.74,28.69,94.02
Field_739,24.39,3.25,27.61,88.83
Field_740,23.77,2.62,25.34,87.16
Field_741,24.63,2.59,26.86,89.43
Field_742,23.01,3.0,29.6,85.48
Field_743,27.48,3.68,27.92,93.2
Field_744,25.03,3.56,27.69,93.26
Field_745,22.32,3.68,26.34,90.88
Field_746,29.0,3.28,26.84,88.53
Field_747,23.84,3.16,29.48,93.0
Field_748,25.44,2.72,28.33,90.55
Field_749,29.06,2.99,28.94,93.26
Field_750,26.24,3.15,27.27,91.31
Field_751,21.17,2.63,28.15,92.84
Field_752,29.4,2.83,26.24,90.99
Field_753,26.28,3.4,28.53,89.14
Field_754,23.35,3.6,27.14,94.58
Field_755,21.39,4.0,27.21,90.41
Field_756,27.94,3.9,28.25,91.05
Field_757,26.2,3.46,29.68,87.2
Field_758,25.33,3.13,25.32,91.26
Field_759,28.94,3.45,29.12,90.72
Field_760,27.89,3.68,26.46,86.85
Field_761,21.52,2.68,27.22,85.6
Field_762,23.12,3.11,25.11,91.04
Field_763,22.48,3.76,26.51,92.64
Field_764,27.44,3.08,27.51,90.23
Field_765,20.34,3.36,25.28,87.27
Field_766,25.7,3.38,27.46,91.67
Field_767,27.62,2.78,29.64,85.8
Field_768,28.77,3.04,25.53,89.42
Field_769,23.42,3.0,28.82,86.63
Field_770,28.21,2.54,27.05,86.84
Field_771,21.11,2.54,28.28,87.02
Field_772,28.46,3.75,26.3,88.87
Field_773,21.27,2.91,25.8,85.51
Field_774,23.97,3.28,25.8,88.98
Field_775,27.97,2.95,25.35,90.12
Field_776,21.5,3.91,25.93,89.83
Field_777,22.29,2.89,28.32,88.83
Field_778,27.22,3.14,29.41,93.39
Field_779,27.2,3.81,29.07,86.45
Field_780,26.41,3.76,28.43,90.06
Field_781,26.94,2.78,25.55,85.62
Field_782,25.43,3.7,26.45,85.71
Field_783,22.52,3.19,26.55,90.74
Field_784,23.46,3.22,26.25,90.66
Field_785,21.82,2.7,27.58,93.78
Field_786,29.08,2.62,27.68,90.58
Field_787,25.83,3.59,26.78,94.6
Field_788,24.01,3.24,26.77,85.49
Field_789,24.62,3.16,29.14,85.98
Field_790,29.47,3.59,28.95,85.44
Field_791,21.53,3.65,26.54,86.85
Field_792,25.86,2.74,29.57,90.41
Field_793,25.06,3.42,29.76,91.46
Field_794,26.11,2.7,26.63,85.46
Field_795,20.18,3.63,26.77,94.46
Field_796,28.72,3.49,27.53,93.42
Field_797,29.32,3.93,29.71,87.97
Field_798,25.65,2.6,29.38,85.77
Field_799,26.97,2.59,25.51,86.7
Field_800,29.22,2.92,26.96,86.27
Field_801,27.07,2.89,27.77,86.23
Field_802,21.53,2.87,27.52,90.19
Field_803,25.76,3.86,25.97,87.46
Field_804,26.07,2.87,29.29,88.58
Field_805,24.24,2.91,28.38,94.9
Field_806,27.36,3.64,29.19,91.84
Field_807,29.34,3.17,29.29,94.49
Field_808,29.26,3.67,28.74,86.43
Field_809,24.51,2.6,27.2,88.82
Field_810,21.13,3.23,28.05,90.55
Field_811,29.85,2.55,25.8,85.77
Field_812,28.39,2.59,28.37,85.04
Field_813,21.25,3.86,25.9,91.7
Field_814,29.21,2.71,28.47,91.42
Field_815,28.7,3.3,26.15,89.11
Field_816,25.19,3.12,25.59,89.9
Field_817,25.91,3.02,25.83,89.15
Field_818,23.99,3.85,25.01,85.24
Field_819,20.55,2.53,28.59,88.35
Field_820,23.35,3.5,28.66,86.77
Field_821,28.03,3.95,27.57,85.98
Field_822,20.05,3.34,25.81,94.57
Field_823,23.33,3.91,25.42,90.99
Field_824,23.98,2.58,25.1,92.29
Field_825,25.37,3.13,25.83,88.15
Field_826,29.2,2.89,29.45,88.93
Field_827,23.46,3.6,26.21,87.37
Field_828,23.47,3.97,26.77,85.97
Field_829,27.38,2.88,25.53,86.79
Field_830,24.52,3.48,26.11,92.98
Field_831,22.25,2.8,27.6,91.78
Field_832,24.52,3.35,28.04,90.47
Field_833,21.41,3.2,26.23,89.75
Field_834,21.76,3.96,25.29,94.22
Field_835,24.98,3.41,26.96,85.73
Field_836,24.19,3.02,26.17,87.81
Field_837,29.15,2.67,26.1,88.5
Field_838,23.62,2.73,29.8,92.82
Field_839,25.81,2.84,28.08,94.93
Field_840,26.32,2.88,27.78,87.41
Field_841,20.13,3.78,27.08,93.74
Field_842,26.64,3.34,27.14,93.31
Field_843,21.78,3.29,27.7,87.25
Field_844,29.61,2.67,28.48,88.99
Field_845,21.49,3.79,28.51,89.1
Field_846,24.15,3.58,25.86,94.78
Field_847,20.85,2.6,27.5,86.81
Field_848,29.97,3.56,27.06,92.99
Field_849,25.02,3.32,29.35,88.34
Field_850,25.95,2.62,28.16,92.31
Field_851,20.67,3.19,27.66,89.2
Field_852,27.5,3.23,25.58,90.78
Field_853,22.1,2.75,28.03,93.33
Field_854,28.98,3.92,25.59,93.04
Field_855,22.05,3.77,26.69,93.66
Field_856,21.91,3.5,25.71,85.6
Field_857,20.37,3.19,28.46,91.92
Field_858,24.72,3.12,26.03,86.4
Field_859,25.65,3.48,26.96,89.16
Field_860,20.66,3.32,29.48,90.49
Field_861,27.76,2.59,26.02,89.03
Field_862,24.53,3.27,27.54,90.2
Field_863,25.24,3.71,27.1,94.97
Field_864,24.41,3.19,25.09,86.35
Field_865,24.01,2.58,28.96,91.75
Field_866,25.6,3.68,25.35,88.96
Field_867,21.55,2.8,27.37,86.33
Field_868,21.82,2.89,27.8,86.59
Field_869,28.62,2.75,28.14,94.49
Field_870,29.46,3.0,28.44,93.8
Field_871,23.73,3.64,26.27,94.07
Field_872,22.71,3.28,25.05,94.92
Field_873,26.44,2.81,28.62,87.08
Field_874,24.09,3.82,27.68,88.55
Field_875,20.25,3.82,29.18,91.69
Field_876,21.56,3.81,29.11,89.84
Field_877,27.16,2.86,29.22,89.18
Field_878,26.59,3.18,27.43,88.58
Field_879,20.27,3.98,26.67,90.94
Field_880,22.22,3.66,28.96,90.76
Field_881,22.31,2.54,27.26,86.61
Field_882,26.72,2.6,25.92,89.72
Field_883,20.2,3.2,29.27,90.53
Field_884,21.04,3.86,29.41,90.7
Field_885,28.0,3.31,27.33,87.1
Field_886,21.79,3.25,25.38,92.42
Field_887,26.53,2.66,26.94,85.25
Field_888,22.38,3.49,29.02,88.55
Field_889,20.99,3.73,29.51,92.8
Field_890,22.43,3.07,26.02,90.64
Field_891,27.22,3.66,25.33,87.61
Field_892,28.56,3.95,29.39,91.95
Field_893,28.3,2.81,26.95,90.67
Field_894,23.97,3.28,27.71,92.96
Field_895,26.68,2.93,29.84,92.35
Field_896,22.05,3.69,25.33,91.1
Field_897,22.93,3.37,28.24,89.88
Field_898,28.96,3.45,25.37,86.33
Field_899,20.13,3.7,26.88,87.61
Field_900,20.86,3.09,29.02,89.19
Field_901,22.08,3.87,27.17,90.99
Field_902,20.27,3.3,29.99,90.14
Field_903,21.81,2.74,27.8,87.88
Field_904,25.83,3.54,26.61,85.06
Field_905,24.21,3.69,26.1,89.96
Field_906,28.93,2.98,26.75,87.86
Field_907,28.17,3.79,26.86,92.35
Field_908,23.42,3.86,25.34,85.24
Field_909,22.59,2.92,26.85,90.85
Field_910,23.8,3.98,27.32,94.41
Field_911,25.9,2.71,28.61,86.74
Field_912,22.68,2.8,28.28,89.72
Field_913,26.24,2.78,28.54,85.91
Field_914,24.09,3.84,25.04,91.26
Field_915,25.52,3.48,26.09,90.51
Field_916,24.36,2.73,28.31,89.07
Field_917,22.94,3.16,27.42,90.21
Field_918,29.48,3.42,25.03,93.97
Field_919,27.64,2.63,29.02,86.96
Field_920,21.4,3.82,28.86,85.23
Field_921,28.68,3.71,27.74,93.62
Field_922,24.87,3.26,25.33,90.77
Field_923,28.95,3.95,28.83,93.91
Field_924,28.0,3.13,27.92,90.97
Field_925,24.25,3.98,28.91,93.1
Field_926,20.22,3.5,28.76,89.3
Field_927,22.69,3.45,29.02,92.5
Field_928,25.42,2.75,27.59,94.13
Field_929,26.33,3.82,25.7,90.72
Field_930,22.58,3.14,28.36,86.81
Field_931,21.39,2.74,28.1,87.69
Field_932,28.35,2.52,28.71,86.99
Field_933,29.84,3.34,25.85,87.47
Field_934,25.26,3.29,25.97,88.06
Field_935,21.72,3.58,29.45,90.55
Field_936,22.72,3.84,28.75,90.88
Field_937,20.18,2.62,29.54,89.26
Field_938,29.14,3.6,28.79,91.15
Field_939,21.18,2.78,27.99,85.82
Field_940,25.77,3.79,28.27,85.88
Field_941,22.74,3.73,29.45,86.72
Field_942,25.54,3.31,27.89,90.18
Field_943,26.51,3.57,28.16,87.14
Field_944,28.3,2.97,25.78,87.83
Field_945,22.06,3.21,27.37,89.0
Field_946,20.11,3.73,28.58,93.12
Field_947,21.37,3.19,26.35,85.14
Field_948,29.0,3.04,26.01,91.49
Field_949,28.74,3.24,26.57,91.69
Field_950,25.97,3.74,26.21,92.99
Field_951,26.01,3.0,26.07,94.33
Field_952,26.65,2.76,27.12,85.2
Field_953,21.75,3.57,29.54,86.54
Field_954,29.14,3.74,27.54,93.86
Field_955,24.19,2.65,25.94,89.59
Field_956,23.83,2.86,25.38,90.65
Field_957,25.19,2.71,28.48,91.63
Field_958,20.47,3.02,26.91,91.79
Field_959,21.66,3.18,29.11,94.32
Field_960,27.38,3.62,28.3,94.97
Field_961,20.83,3.48,28.98,92.2
Field_962,26.03,3.43,26.36,87.87
Field_963,22.45,3.03,28.46,93.8
Field_964,23.89,3.76,26.32,85.49
Field_965,22.89,3.21,29.7,87.31
Field_966,23.56,3.97,28.18,93.97
Field_967,27.19,3.45,26.62,87.56
Field_968,22.97,2.69,26.35,87.21
Field_969,25.66,3.51,25.95,86.38
Field_970,24.76,2.99,28.47,93.59
Field_971,26.64,3.53,26.09,90.0
Field_972,29.37,2.6,27.98,91.75
Field_973,27.33,2.76,26.32,87.39
Field_974,22.15,3.78,28.31,92.58
Field_975,20.31,2.84,29.07,92.6
Field_976,22.62,3.76,28.89,88.13
Field_977,25.95,2.92,28.8,89.11
Field_978,20.51,3.46,25.94,87.1
Field_979,24.96,3.54,25.44,94.77
Field_980,25.97,3.27,28.49,91.46
Field_981,23.34,2.96,26.84,94.35
Field_982,27.71,2.82,27.16,88.03
Field_983,21.07,2.55,25.16,92.82
Field_984,20.75,2.96,26.3,92.66
Field_985,27.28,3.48,25.17,91.92
Field_986,24.95,3.91,29.4,94.66
Field_987,26.88,3.81,26.22,88.94
Field_988,24.35,3.65,27.79,86.31
Field_989,22.46,3.68,25.19,91.72
Field_990,28.19,3.5,28.33,92.29
Field_991,27.99,2.89,26.62,90.75
Field_992,26.95,3.86,29.49,87.07
Field_993,22.72,3.51,29.44,90.04
Field_994,25.9,3.34,26.63,88.12
Field_995,23.61,2.67,29.5,89.27
Field_996,20.92,3.17,29.98,91.45
Field_997,29.17,3.19,29.13,92.45
Field_998,21.37,3.8,29.22,87.32
Field_999,29.5,3.32,26.25,89.05
Field_1000,24.46,3.07,27.88,87.69
Field_1001,21.85,3.97,25.34,86.99
Field_1002,25.42,2.67,25.47,92.83
Field_1003,28.73,3.13,29.99,94.09
Field_1004,27.32,2.56,26.63,88.7
Field_1005,28.07,3.61,28.74,92.51
Field_1006,26.59,3.88,29.03,93.97
Field_1007,26.92,2.92,29.29,93.46
Field_1008,28.49,3.79,29.99,86.83
Field_1009,22.5,2.94,26.21,94.56
Field_1010,24.89,3.87,25.2,88.77
Field_1011,22.21,3.63,27.06,88.39
Field_1012,29.88,3.71,25.65,85.62
Field_1013,29.44,2.53,25.11,89.86
Field_1014,20.39,3.94,26.8,86.09
Field_1015,27.06,3.59,28.92,87.49
Field_1016,29.25,2.96,27.83,88.17
Field_1017,21.81,3.74,26.56,93.09
Field_1018,25.68,2.92,28.27,93.75
Field_1019,29.15,3.81,26.16,88.02
Field_1020,20.34,2.67,25.07,93.59
Field_1021,26.97,3.56,28.82,93.57
Field_1022,22.97,3.31,28.12,92.65
Field_1023,29.24,2.64,28.81,86.47
Field_1024,29.71,2.86,25.19,91.9
Field_1025,29.44,2.52,29.19,94.45
Field_1026,24.74,3.2,28.1,91.83
Field_1027,28.62,2.95,27.82,88.32
Field_1028,28.45,3.4,28.12,90.01
Field_1029,23.19,2.95,29.32,91.46
Field_1030,28.29,2.95,27.93,90.11
Field_1031,20.37,3.61,27.9,86.2
Field_1032,25.96,2.57,29.95,88.12
Field_1033,22.3,3.85,28.78,93.02
Field_1034,21.21,3.78,27.21,93.61
Field_1035,20.77,3.5,28.54,86.37
Field_1036,26.96,3.39,26.95,94.52
Field_1037,23.4,3.84,26.14,88.29
Field_1038,27.25,2.78,27.98,91.62
Field_1039,20.65,2.62,29.64,92.52
Field_1040,23.15,2.86,29.65,93.12
Field_1041,25.39,3.69,26.71,94.46
Field_1042,27.91,2.55,27.64,88.13
Field_1043,23.19,3.37,26.06,93.59
Field_1044,26.26,3.99,29.98,86.32
Field_1045,28.86,3.78,29.91,92.05
Field_1046,26.16,3.28,28.25,92.42
Field_1047,22.33,2.6,29.02,91.78
Field_1048,20.24,3.75,28.58,87.52
Field_1049,28.7,3.4,27.97,93.73
Field_1050,20.21,2.67,25.27,86.69
Field_1051,28.75,2.64,27.27,85.54
Field_1052,25.29,3.86,28.37,92.17
Field_1053,29.39,3.5,28.39,89.75
Field_1054,27.99,3.74,26.87,93.49
Field_1055,29.98,3.82,29.71,88.83
Field_1056,23.51,3.36,25.84,86.68
Field_1057,27.67,3.28,27.5,93.36
Field_1058,24.02,3.15,28.45,90.49
Field_1059,24.8,2.98,28.49,86.89
Field_1060,26.28,3.15,28.24,92.2
Field_1061,28.74,3.66,26.38,90.11
Field_1062,29.84,3.4,25.78,91.04
Field_1063,27.68,3.84,28.18,89.61
Field_1064,24.18,3.17,28.0,93.29
Field_1065,24.21,3.41,25.9,93.3
Field_1066,27.38,3.45,28.53,92.09
Field_1067,22.39,3.39,27.28,86.05
Field_1068,21.1,3.55,28.34,93.39
Field_1069,23.55,2.86,29.19,91.71
Field_1070,22.87,3.27,25.85,91.97
Field_1071,22.96,2.66,25.1,88.63
Field_1072,22.34,3.08,28.9,93.79
Field_1073,20.42,3.23,28.05,92.25
Field_1074,20.18,3.48,28.5,86.13
Field_1075,29.88,3.93,29.19,89.08
Field_1076,24.28,3.4,29.01,93.86
Field_1077,23.84,3.62,29.8,85.47
Field_1078,26.8,3.26,27.68,94.61
Field_1079,22.18,3.45,27.44,91.79
Field_1080,29.5,2.61,27.01,91.31
Field_1081,27.86,2.88,25.77,87.71
Field_1082,20.89,3.04,27.86,87.49
Field_1083,24.18,3.21,26.39,94.42
Field_1084,28.79,2.57,29.61,87.98
Field_1085,29.45,2.71,27.92,92.76
Field_1086,24.67,2.92,27.96,88.93
Field_1087,26.13,3.96,26.77,86.39
Field_1088,21.67,3.0,25.26,85.11
Field_1089,29.91,3.22,25.16,90.44
Field_1090,22.32,2.79,27.12,94.76
Field_1091,29.43,3.42,25.42,88.69
Field_1092,26.5,2.92,28.03,88.57
Field_1093,26.08,2.81,29.4,88.44
Field_1094,25.13,3.27,29.41,90.21
Field_1095,22.31,2.51,28.3,89.41
Field_1096,21.77,2.51,26.06,93.8
Field_1097,22.2,2.83,29.31,90.06
Field_1098,21.86,2.56,29.43,90.08
Field_1099,27.8,2.66,25.98,86.38
Field_1100,23.5,3.01,28.69,94.83
Field_1101,20.58,3.7,26.43,87.5
Field_1102,29.69,3.36,29.01,85.73
Field_1103,28.84,3.27,29.99,91.63
Field_1104,29.28,2.94,25.15,90.95
Field_1105,29.95,3.9,29.49,89.15
Field_1106,21.74,3.1,28.11,89.22
Field_1107,23.96,2.63,29.87,92.85
Field_1108,27.58,3.43,27.33,86.96
Field_1109,26.96,2.67,29.24,93.2
Field_1110,21.54,3.02,25.31,91.49
Field_1111,28.16,3.26,26.68,89.19
Field_1112,22.24,3.81,25.34,89.58
Field_1113,22.24,3.24,29.88,87.57
Field_1114,25.37,3.55,29.08,92.52
Field_1115,25.93,3.99,29.26,90.13
Field_1116,25.8,2.7,29.69,88.21
Field_1117,20.91,2.91,25.43,90.96
Field_1118,28.77,3.09,26.93,94.96
Field_1119,22.66,3.13,25.36,89.35
Field_1120,21.3,3.12,26.05,94.21
Field_1121,28.89,3.86,26.15,88.45
Field_1122,29.56,3.57,27.35,85.55
Field_1123,28.62,3.41,26.34,87.04
Field_1124,28.1,2.96,25.5,89.19
Field_1125,26.55,3.74,25.84,87.2
Field_1126,25.51,3.93,25.74,85.0
Field_1127,20.87,3.73,29.87,94.15
Field_1128,24.08,2.5,28.8,93.44
Field_1129,23.73,3.45,29.84,92.42
Field_1130,22.6,2.58,27.2,86.68
Field_1131,27.23,2.89,26.39,86.2
Field_1132,24.96,2.59,28.99,85.68
Field_1133,20.81,3.41,26.63,92.24
Field_1134,22.2,3.53,26.5,94.29
Field_1135,26.83,2.67,26.16,89.31
Field_1136,20.76,3.08,25.65,86.19
Field_1137,28.51,3.18,26.28,90.12
Field_1138,24.95,3.05,26.78,88.49
Field_1139,24.81,2.68,28.37,88.75
Field_1140,25.92,3.13,25.31,91.21
Field_1141,28.25,3.63,26.05,92.19
Field_1142,23.48,2.61,29.05,86.11
Field_1143,26.78,2.62,25.73,85.36
Field_1144,25.66,3.03,26.71,94.94
Field_1145,22.67,3.91,29.32,87.33
Field_1146,28.79,3.5,25.77,85.54
Field_1147,27.97,3.52,25.41,86.9
Field_1148,26.58,3.04,27.42,85.39
Field_1149,28.51,3.39,26.51,88.92
Field_1150,28.67,2.52,27.82,93.02
Field_1151,27.08,3.45,29.02,88.41
Field_1152,28.37,3.87,25.69,89.44
Field_1153,26.97,3.42,27.9,91.76
Field_1154,26.8,3.81,27.53,90.09
Field_1155,26.19,3.59,25.72,93.61
Field_1156,27.53,2.68,28.12,93.66
Field_1157,21.59,3.85,26.37,85.1
Field_1158,28.81,2.6,27.44,92.78
Field_1159,28.72,3.3,25.41,89.61
Field_1160,20.29,2.71,27.3,94.89
Field_1161,28.26,2.52,26.53,89.83
Field_1162,21.29,3.13,29.11,94.87
Field_1163,23.35,2.94,25.28,92.55
Field_1164,27.44,3.23,27.09,87.49
Field_1165,21.61,3.37,27.29,90.38
Field_1166,28.18,2.57,28.63,94.92
Field_1167,28.32,2.68,27.87,93.58
Field_1168,25.07,3.34,28.34,85.97
Field_1169,20.06,3.01,28.89,92.06
Field_1170,22.87,3.59,29.31,88.46
Field_1171,26.17,3.48,26.57,85.07
Field_1172,29.81,3.77,27.69,89.03
Field_1173,26.32,3.54,29.2,87.35
Field_1174,22.6,3.14,29.95,93.19
Field_1175,26.34,3.51,29.45,88.37
Field_1176,25.4,2.91,26.86,93.28
Field_1177,27.8,2.96,25.98,85.01
Field_1178,21.07,3.68,27.45,88.08
Field_1179,27.61,3.17,28.71,87.41
Field_1180,25.41,3.7,27.46,87.34
Field_1181,29.63,3.73,27.42,85.68
Field_1182,23.42,3.79,29.19,86.87
Field_1183,26.33,3.87,26.81,90.56
Field_1184,29.32,3.15,29.3,87.91
Field_1185,21.03,2.98,27.03,89.17
Field_1186,29.37,3.37,26.64,88.77
Field_1187,26.88,3.06,27.27,93.76
Field_1188,20.68,3.4,28.81,94.05
Field_1189,23.01,3.56,25.63,89.93
Field_1190,27.08,3.53,25.98,88.3
Field_1191,20.67,3.06,29.76,86.07
Field_1192,25.82,2.75,25.88,94.53
Field_1193,23.46,3.15,27.84,85.6
Field_1194,26.21,2.71,27.9,87.98
Field_1195,20.46,3.84,27.45,87.98
Field_1196,28.72,3.02,28.22,88.2
Field_1197,29.73,2.73,26.15,86.64
Field_1198,29.69,2.54,27.76,92.83
Field_1199,27.5,3.47,26.86,86.22
Field_1200,21.3,3.46,28.31,91.35
